userId,rating,isbn
277427,10,002542730Xa
277427,0,26217457a
277427,8,003008685Xa
277427,0,30615321a
277427,0,60002050a
277427,10,60006641a
277427,0,60159685a
277427,0,60177721a
277427,0,60192704a
277427,7,60542128a
277427,0,60913509a
277427,0,60929197a
277427,0,006092988Xa
277427,0,60930535a
277427,0,60932139a
277427,0,60934417a
277427,0,60951605a
277427,0,61004251a
277427,9,61009059a
277427,0,61030430a
277427,0,62505319a
277427,8,62507109a
277427,0,62735098a
277427,0,64400859a
277427,0,006440188Xa
277427,0,64636143a
277427,0,99288850a
277427,8,132220598a
277427,0,140067477a
277427,0,140067841a
277427,0,140086838a
277427,0,140185151a
277427,6,140283374a
277427,0,014029628Xa
277427,8,014039026Xa
277427,7,140390715a
277427,0,140621792a
277427,0,014100018Xa
277427,8,141439742a
277427,0,142001740a
277427,0,015200405Xa
277427,10,152050167a
277427,0,156000024a
277427,0,195009428a
277427,0,195283554a
277427,10,201000822a
277427,0,310205719a
277427,0,310221498a
277427,0,310268001a
277427,0,310396514a
277427,10,310435706a
277427,0,310803063a
277427,0,312302487a
277427,8,312944691a
277427,0,312950934a
277427,0,312961006a
277427,0,312965966a
277427,0,312966091a
277427,0,031298328Xa
277427,0,316037451a
277427,0,316096199a
277427,0,316168688a
277427,0,316284955a
277427,0,316569321a
277427,0,316602051a
277427,0,316666343a
277427,8,316776963a
277427,0,316777730a
277427,0,330234471a
277427,8,33031582a
277427,0,345285859a
277427,0,345288068a
277427,0,345311396a
277427,0,345327772a
277427,0,345331966a
277427,0,345334019a
277427,0,345338545a
277427,0,345339681a
277427,0,345347226a
277427,0,345361792a
277427,0,345362632a
277427,0,345373561a
277427,0,345404769a
277427,0,345404777a
277427,0,345404785a
277427,0,345408039a
277427,0,345412214a
277427,10,345413903a
277427,0,345419707a
277427,0,345436911a
277427,0,373029519a
277427,0,373032811a
277427,0,373033052a
277427,0,373263694a
277427,0,373482620a
277427,0,373484232a
277427,0,373705115a
277427,0,374199698a
277427,9,375408886a
277427,0,375415491a
277427,0,375700129a
277427,0,375703764a
277427,0,375726659a
277427,0,375727132a
277427,9,375751513a
277427,0,376012161a
277427,0,376034750a
277427,0,380600129a
277427,8,380702843a
277427,0,380707551a
277427,0,380710218a
277427,0,380713292a
277427,0,380718332a
277427,0,380718758a
277427,9,380791978a
277427,9,038081904Xa
277427,0,380820048a
277427,0,038082339Xa
277427,0,380846578a
277427,0,380897822a
277427,0,385261861a
277427,0,385323816a
277427,9,385424736a
277427,0,385482388a
277427,0,385484518a
277427,9,385486804a
277427,0,038548951Xa
277427,9,385503857a
277427,8,385504209a
277427,0,393039242a
277427,8,039304016Xa
277427,0,039447970Xa
277427,0,394556968a
277427,0,394706528a
277427,0,394731220a
277427,7,394738136a
277427,7,394862147a
277427,0,395611571a
277427,0,395936136a
277427,0,399132678a
277427,0,399144463a
277427,0,399145990a
277427,0,399148442a
277427,7,399149562a
277427,10,399225064a
277427,9,399501487a
277427,0,399526145a
277427,8,425047962a
277427,0,042507448Xa
277427,0,425087859a
277427,0,425104273a
277427,9,425104338a
277427,0,425107469a
277427,0,425113884a
277427,0,425115801a
277427,8,425116840a
277427,0,425121631a
277427,0,425125467a
277427,0,425131769a
277427,9,425133516a
277427,0,042514755Xa
277427,0,425152898a
277427,0,425154092a
277427,0,425155943a
277427,0,425157466a
277427,0,425158616a
277427,0,425163865a
277427,0,425169871a
277427,0,425174271a
277427,0,425175405a
277427,0,425176088a
277427,0,042518627Xa
277427,7,425190749a
277427,0,439064872a
277427,0,439136369a
277427,0,043936213Xa
277427,0,440113423a
277427,0,044011585Xa
277427,0,440170796a
277427,0,440173922a
277427,0,440176484a
277427,5,440185327a
277427,0,440193613a
277427,0,440201071a
277427,0,440205506a
277427,0,440208459a
277427,0,440210690a
277427,0,440213320a
277427,0,440213991a
277427,0,440217466a
277427,0,440221501a
277427,7,440224764a
277427,0,440225450a
277427,0,440225701a
277427,8,440236061a
277427,0,440236703a
277427,9,440236738a
277427,0,440241073a
277427,0,440419468a
277427,8,440428130a
277427,0,440506832a
277427,0,441002455a
277427,0,441172717a
277427,10,441627404a
277427,5,446311677a
277427,8,446325503a
277427,9,446350982a
277427,8,446522384a
277427,10,446600415a
277427,0,446602620a
277427,0,446603716a
277427,0,446604801a
277427,0,446607193a
277427,0,446608009a
277427,10,446608890a
277427,0,446609048a
277427,0,446611212a
277427,8,446676640a
277427,0,446677507a
277427,0,449221482a
277427,0,449221504a
277427,0,449222470a
277427,0,449224813a
277427,0,044922502Xa
277427,0,449231992a
277427,0,451113357a
277427,0,451141083a
277427,0,451166000a
277427,0,451169522a
277427,0,451177096a
277427,8,451180739a
277427,0,451184742a
277427,8,451191153a
277427,0,451202503a
277427,10,451203593a
277427,0,451404025a
277427,0,451526562a
277427,0,452283736a
277427,6,452284449a
277427,10,471018732a
277427,0,486406644a
277427,0,486424634a
277427,0,515128015a
277427,0,515128600a
277427,0,515130923a
277427,0,515132020a
277427,0,515133302a
277427,0,517294559a
277427,0,517559501a
277427,9,517573636a
277427,0,517883384a
277427,8,523485964a
277427,8,552137030a
277427,0,552996181a
277427,8,553078925a
277427,0,553133160a
277427,0,553232266a
277427,0,553268880a
277427,0,553271636a
277427,0,553274295a
277427,0,553279556a
277427,0,553280341a
277427,9,553280368a
277427,0,553295780a
277427,0,553297422a
277427,0,553297619a
277427,0,553343653a
277427,10,553351672a
277427,10,553571656a
277427,0,553571818a
277427,0,553572865a
277427,0,553572997a
277427,10,553573926a
277427,9,553574566a
277427,0,553577808a
277427,0,553578936a
277427,0,553579274a
277427,0,553579525a
277427,0,553581058a
277427,0,553581112a
277427,9,553581929a
277427,0,553582755a
277427,0,553586122a
277427,0,553801430a
277427,0,573681821a
277427,0,609804138a
277427,0,609810138a
277427,0,631194975a
277427,0,664244882a
277427,8,670307254a
277427,0,067086045Xa
277427,0,067091021Xa
277427,0,671001795a
277427,0,067101417Xa
277427,5,671014420a
277427,0,671016776a
277427,0,671024086a
277427,8,671037692a
277427,0,671441981a
277427,8,671528904a
277427,0,671600982a
277427,0,671679929a
277427,0,067170561Xa
277427,8,067172021Xa
277427,0,671722808a
277427,9,671727079a
277427,0,671729470a
277427,8,671740504a
277427,0,671741209a
277427,8,671749897a
277427,0,671782525a
277427,0,671810367a
277427,8,671876821a
277427,0,674373502a
277427,0,067940676Xa
277427,0,067941388Xa
277427,10,679417648a
277427,10,679419853a
277427,0,679457313a
277427,0,679459626a
277427,9,679731148a
277427,0,679731377a
277427,5,679736042a
277427,0,679751521a
277427,0,679765018a
277427,0,684846713a
277427,0,684859300a
277427,0,684864320a
277427,0,684866048a
277427,8,684869098a
277427,0,684872153a
277427,0,688037879a
277427,0,688065716a
277427,0,688139752a
277427,0,068971310Xa
277427,0,070434100Xa
277427,0,708985386a
277427,8,715388185a
277427,8,718002067a
277427,0,720714729a
277427,8,736903054a
277427,9,740723367a
277427,8,743406176a
277427,9,743412028a
277427,9,743422082a
277427,0,743422910a
277427,9,743444477a
277427,8,743457943a
277427,0,749395990a
277427,0,764223259a
277427,0,764550896a
277427,10,767903382a
277427,0,076790446Xa
277427,7,785243038a
277427,10,786866845a
277427,0,078762764Xa
277427,8,800757483a
277427,0,800786459a
277427,9,802425488a
277427,0,080284314Xa
277427,8,803653719a
277427,0,803786824a
277427,0,080410753Xa
277427,0,804108749a
277427,0,080411918Xa
277427,0,080501604Xa
277427,10,805018956a
277427,0,805047603a
277427,0,805051309a
277427,0,809233479a
277427,5,810909650a
277427,0,811801802a
277427,10,811802981a
277427,10,811811409a
277427,8,812504798a
277427,8,812531353a
277427,0,812542509a
277427,0,812575555a
277427,0,821713841a
277427,0,821770829a
277427,0,835607585a
277427,0,836204387a
277427,10,836210263a
277427,0,836213068a
277427,10,836213076a
277427,0,836217632a
277427,10,836217691a
277427,0,836218221a
277427,10,836218515a
277427,0,836218655a
277427,0,836218787a
277427,10,836218817a
277427,0,836218833a
277427,10,836221192a
277427,8,836221311a
277427,0,836221362a
277427,10,836236688a
277427,0,842314296a
277427,10,084233338Xa
277427,0,842338918a
277427,0,842352368a
277427,10,842370668a
277427,7,843947888a
277427,0,843948442a
277427,0,849929954a
277427,0,084993785Xa
277427,10,849995892a
277427,0,850791154a
277427,0,871233096a
277427,10,871890917a
277427,0,872016269a
277427,0,875096867a
277427,8,087605534Xa
277427,0,877017883a
277427,0,877423814a
277427,10,877790426a
277427,10,087784870Xa
277427,0,878771018a
277427,0,088138013Xa
277427,0,884195473a
277427,0,884502627a
277427,0,886771528a
277427,6,887621112a
277427,10,890814082a
277427,10,890876517a
277427,6,890876967a
277427,0,089104289Xa
277427,0,891094261a
277427,0,894803204a
277427,0,894807730a
277427,0,894808249a
277427,0,895772183a
277427,0,897210026a
277427,0,897210433a
277427,8,897330536a
277427,9,898155843a
277427,0,898156122a
277427,10,898157803a
277427,9,898793912a
277427,7,898794080a
277427,8,898794544a
277427,0,898796431a
277427,5,898796601a
277427,5,089879661Xa
277427,5,898797055a
277427,0,898797187a
277427,0,898797993a
277427,0,091031103Xa
277427,0,912376090a
277427,5,912452161a
277427,0,913734489a
277427,0,914846566a
277427,0,915943263a
277427,0,918956730a
277427,0,930014464a
277427,8,932592007a
277427,0,932944523a
277427,7,964420805a
277427,9,965035214a
277427,7,967201519a
277427,0,971880107a
277427,0,1400031354a
277427,0,1400034779a
277427,10,1400060265a
277427,0,1551664968a
277427,0,1551668157a
277427,0,1556524412a
277427,0,1557733090a
277427,0,1558177736a
277427,10,1559586893a
277427,0,1559703865a
277427,10,1562923668a
277427,0,1563052377a
277427,0,1564142019a
277427,9,1564403963a
277427,10,1565075722a
277427,0,1565120310a
277427,0,1567313000a
277427,10,1568380593a
277427,7,156865037Xa
277427,0,1570620768a
277427,0,1570620970a
277427,0,157224058Xa
277427,10,1572302399a
277427,10,1572304510a
277427,0,157421005Xa
277427,10,1576733343a
277427,0,1576737160a
277427,7,1576739597a
277427,7,1581690606a
277427,0,1582343772a
277427,0,1852278099a
277427,7,1852303468a
277427,0,1887128255a
277427,8,1930285000a
277427,7,8251800811a
277427,0,8495273829a
277639,0,60008296a
277639,0,60505621a
277639,0,61081094a
277639,0,61081671a
277639,0,61083437a
277639,0,006109174Xa
277639,0,140055932a
277639,0,140061959a
277639,0,140862668a
277639,8,030702024Xa
277639,9,307605701a
277639,0,312955863a
277639,0,312969074a
277639,0,312973055a
277639,0,312975643a
277639,0,316171638a
277639,0,034525421Xa
277639,0,345258576a
277639,0,345271955a
277639,0,345283635a
277639,0,345286677a
277639,0,345287894a
277639,0,345297938a
277639,6,345335058a
277639,8,345346777a
277639,0,345391055a
277639,8,034539657Xa
277639,0,373025777a
277639,0,373029861a
277639,0,373030959a
277639,0,373030967a
277639,0,373031300a
277639,0,373031319a
277639,0,373031327a
277639,0,037303234Xa
277639,0,373032382a
277639,0,373033559a
277639,0,373035373a
277639,0,373089767a
277639,0,373096720a
277639,0,373105207a
277639,0,373105738a
277639,0,373105746a
277639,0,373111398a
277639,0,373115199a
277639,0,373115237a
277639,0,373161948a
277639,0,373219202a
277639,0,373225008a
277639,0,037322558Xa
277639,0,373226306a
277639,0,373226314a
277639,0,373226322a
277639,0,373241771a
277639,0,373251025a
277639,0,373287526a
277639,0,037329042Xa
277639,0,373290578a
277639,0,373612249a
277639,0,373614276a
277639,0,373701047a
277639,0,373702760a
277639,0,373761759a
277639,0,373825013a
277639,0,375402675a
277639,0,380001268a
277639,7,380001799a
277639,0,380435705a
277639,0,380436124a
277639,0,380556812a
277639,0,380680157a
277639,0,380706148a
277639,6,380707837a
277639,0,380715325a
277639,0,380721627a
277639,6,380731851a
277639,0,380756269a
277639,0,380762595a
277639,0,380776138a
277639,0,380777622a
277639,0,380788985a
277639,0,380895862a
277639,0,394171349a
277639,0,395615887a
277639,0,399149295a
277639,0,425035166a
277639,0,425042235a
277639,0,425046605a
277639,0,425060756a
277639,0,425070204a
277639,6,425071014a
277639,0,425080218a
277639,9,425107507a
277639,0,425108392a
277639,0,425117758a
277639,0,425126064a
277639,0,425132625a
277639,0,425133540a
277639,7,425142485a
277639,8,425147363a
277639,5,042516098Xa
277639,0,425161242a
277639,0,440092450a
277639,0,440106478a
277639,0,440116961a
277639,0,044014129Xa
277639,0,440150795a
277639,0,440159210a
277639,0,440162688a
277639,0,440195179a
277639,0,440202752a
277639,0,440204194a
277639,0,440206146a
277639,8,440211727a
277639,0,440211891a
277639,0,440213525a
277639,9,440214041a
277639,0,440218535a
277639,0,440222656a
277639,0,440224780a
277639,0,440226414a
277639,0,440407702a
277639,7,440430712a
277639,0,441224164a
277639,0,445407093a
277639,0,446302066a
277639,0,446341096a
277639,0,446359866a
277639,0,446360473a
277639,0,446401579a
277639,0,446611212a
277639,0,446612790a
277639,8,446794031a
277639,8,448027011a
277639,0,449124061a
277639,0,449124428a
277639,0,449129500a
277639,0,449143457a
277639,8,449200256a
277639,0,449206246a
277639,0,449217264a
277639,7,044921852Xa
277639,0,449221873a
277639,0,449243583a
277639,0,449244431a
277639,9,451085108a
277639,0,451110145a
277639,0,451112040a
277639,0,451115465a
277639,0,451120531a
277639,0,451130995a
277639,0,451131517a
277639,0,451132378a
277639,0,451135105a
277639,8,451162145a
277639,0,451170385a
277639,0,451172515a
277639,0,451400372a
277639,0,451401190a
277639,0,451409159a
277639,0,453007481a
277639,0,453008445a
277639,0,453008739a
277639,0,515100536a
277639,0,515105996a
277639,0,515108030a
277639,0,515119652a
277639,0,523414366a
277639,0,523414668a
277639,0,523421788a
277639,0,552115339a
277639,0,553025007a
277639,0,553113313a
277639,0,553121456a
277639,0,553128973a
277639,0,553131966a
277639,0,553206621a
277639,0,553228129a
277639,0,553230565a
277639,8,553235354a
277639,0,055323577Xa
277639,0,553264079a
277639,0,553265784a
277639,0,553277812a
277639,8,553297260a
277639,0,553443275a
277639,0,553473441a
277639,0,553478257a
277639,0,553478346a
277639,0,553492217a
277639,0,553526308a
277639,0,553527061a
277639,0,553542109a
277639,7,553579754a
277639,0,553582755a
277639,0,553586122a
277639,0,553702351a
277639,0,590085042a
277639,7,590088203a
277639,0,590298364a
277639,0,590313088a
277639,0,590338242a
277639,0,059039990Xa
277639,0,590415867a
277639,0,590420062a
277639,0,590449591a
277639,0,590453653a
277639,0,590456571a
277639,0,590456814a
277639,0,590466194a
277639,0,059046728Xa
277639,0,590469118a
277639,0,590470140a
277639,0,059048303Xa
277639,0,590568779a
277639,0,590568809a
277639,0,590568892a
277639,0,590568930a
277639,0,590687301a
277639,0,067100185Xa
277639,0,671001868a
277639,0,671004565a
277639,0,671034022a
277639,0,671046349a
277639,0,671046888a
277639,7,671416367a
277639,0,671425587a
277639,0,671439227a
277639,0,671469703a
277639,0,671509144a
277639,0,671535331a
277639,0,671537253a
277639,0,671811223a
277639,7,671823035a
277639,0,671825291a
277639,0,671833316a
277639,0,671868810a
277639,0,679438327a
277639,0,679439528a
277639,0,679442944a
277639,0,679445099a
277639,0,067945814Xa
277639,0,689704305a
277639,0,069451747Xa
277639,0,786001836a
277639,0,786815183a
277639,0,786815191a
277639,0,804106142a
277639,0,081251050Xa
277639,0,812513185a
277639,0,812522079a
277639,8,812543262a
277639,0,812830490a
277639,0,821710176a
277639,0,821712152a
277639,0,821717723a
277639,0,082172598Xa
277639,6,082173766Xa
277639,0,821738488a
277639,0,821756451a
277639,0,882074849a
277639,0,1552044653a
277639,0,1557739412a
277639,0,1567402283a
277639,0,1567403387a
277639,0,1578150124a
277639,0,1578151910a
277639,0,1578151929a
277639,0,1578152534a
277639,0,1578152712a
277478,0,6715184a
277478,6,006008216Xa
277478,0,006105481Xa
277478,0,61091995a
277478,0,61092045a
277478,0,61099252a
277478,0,006447108Xa
277478,0,91863279a
277478,0,99743612a
277478,0,140212299a
277478,8,140318720a
277478,8,140620257a
277478,0,140621725a
277478,6,014200281Xa
277478,0,146000552a
277478,0,146002083a
277478,0,226244954a
277478,7,304359416a
277478,7,312113420a
277478,0,312275366a
277478,0,312848765a
277478,0,312858175a
277478,0,312868383a
277478,0,031287216Xa
277478,0,312873840a
277478,0,312877706a
277478,0,312910584a
277478,0,312972822a
277478,7,312979533a
277478,0,330231715a
277478,8,340565276a
277478,0,034066049Xa
277478,8,340745983a
277478,0,345307674a
277478,0,345310799a
277478,8,345330129a
277478,0,345332687a
277478,0,345334531a
277478,0,345351525a
277478,0,345368959a
277478,0,345394267a
277478,0,034540405Xa
277478,0,345439015a
277478,0,345443284a
277478,0,345453409a
277478,0,373244487a
277478,0,373244657a
277478,0,373244711a
277478,0,373261896a
277478,0,373286570a
277478,0,373288867a
277478,0,373288964a
277478,0,373289812a
277478,0,373291337a
277478,0,037329140Xa
277478,0,373291450a
277478,0,373291825a
277478,0,373291841a
277478,0,373292090a
277478,0,373292120a
277478,0,373292554a
277478,0,373292716a
277478,0,374523878a
277478,7,038067470Xa
277478,0,380703882a
277478,0,380717573a
277478,0,394719603a
277478,9,399128158a
277478,0,425046885a
277478,0,425061930a
277478,0,425067645a
277478,0,042508471Xa
277478,0,425104273a
277478,0,425146413a
277478,0,425150984a
277478,0,425161242a
277478,0,425169863a
277478,0,425181200a
277478,0,425185729a
277478,0,425191184a
277478,0,440107601a
277478,0,440124751a
277478,0,440169267a
277478,0,440201705a
277478,7,440213320a
277478,0,440215099a
277478,0,440223423a
277478,0,440225701a
277478,0,440234743a
277478,0,440975964a
277478,0,441005659a
277478,0,441206697a
277478,0,441845630a
277478,0,445409134a
277478,0,446356018a
277478,0,446604089a
277478,0,446607657a
277478,0,446611859a
277478,0,449149706a
277478,0,449204758a
277478,0,449239438a
277478,0,449244741a
277478,0,449308464a
277478,0,449907481a
277478,5,449907635a
277478,0,451156234a
277478,8,451162218a
277478,0,451197437a
277478,0,451410769a
277478,8,451459393a
277478,0,451523369a
277478,0,498024253a
277478,0,517000652a
277478,7,517119250a
277478,0,552128481a
277478,8,552142379a
277478,8,552149209a
277478,0,553025007a
277478,0,553102826a
277478,0,553129198a
277478,0,553142496a
277478,0,553147374a
277478,0,553245856a
277478,0,553264192a
277478,0,553266055a
277478,0,553268120a
277478,0,553282352a
277478,0,553578944a
277478,0,553579606a
277478,0,553579754a
277478,0,553580191a
277478,0,575005998a
277478,0,582275164a
277478,0,582480841a
277478,8,582528232a
277478,0,059010683Xa
277478,6,670808393a
277478,0,671003755a
277478,7,671020560a
277478,0,671034677a
277478,0,671525832a
277478,0,671549219a
277478,0,671640143a
277478,0,671661892a
277478,0,671665014a
277478,0,671679473a
277478,0,671809000a
277478,0,671888587a
277478,0,679761047a
277478,0,688032435a
277478,0,747234256a
277478,0,750916338a
277478,10,752524593a
277478,0,752844849a
277478,10,752853694a
277478,0,755109996a
277478,0,756401380a
277478,0,765305119a
277478,0,786817879a
277478,0,786868716a
277478,6,789477831a
277478,6,789477858a
277478,0,080410526Xa
277478,10,810945797a
277478,9,810946122a
277478,0,811829103a
277478,0,812532635a
277478,0,812535065a
277478,0,821733680a
277478,10,831759267a
277478,0,836215257a
277478,0,851152023a
277478,0,855030127a
277478,0,860685179a
277478,7,882668099a
277478,0,886778220a
277478,5,907849741a
277478,0,971880107a
277478,0,1550224670a
277478,8,1558745718a
277478,0,1572970014a
277478,7,1740595904a
277478,0,1850587981a
277478,0,1853260088a
277478,0,1853261173a
277478,0,1892065444a
277478,0,1893183025a
277478,7,1903919134a
277478,7,1903919142a
277478,6,2723426890a
277478,0,2840551446a
277478,0,3822855588a
277478,7,382289642Xa
277478,9,8493127817a
277478,0,85069125a
277478,0,9021480069a
277478,0,902183832a
277478,0,9024538718a
277478,0,9025409881a
277478,0,9026922086a
277478,0,9027444641a
277478,0,9029531355a
277478,0,9029537353a
277478,8,9041001557a
277478,0,9043904600a
277478,0,904500741Xa
277478,0,9051217129a
277478,5,9057121379a
277478,0,9060197488a
277478,0,9062382207a
277478,7,9068340344a
277478,7,9070415011a
277478,0,907433699Xa
277478,0,9995585227a
278188,0,61030643a
278188,0,006440630Xa
278188,0,140345809a
278188,0,014037423Xa
278188,0,140386742a
278188,8,156005891a
278188,0,195204891a
278188,0,312969759a
278188,0,312978367a
278188,0,312979479a
278188,7,316171565a
278188,0,316601950a
278188,0,316693294a
278188,0,345296532a
278188,0,345309049a
278188,0,345310926a
278188,0,345331737a
278188,0,345354729a
278188,0,345366204a
278188,0,345439104a
278188,0,373169736a
278188,0,373169744a
278188,0,037316985Xa
278188,0,373169868a
278188,0,373169876a
278188,0,373169884a
278188,7,373218192a
278188,4,373223218a
278188,6,373244487a
278188,0,373255985a
278188,0,373262183a
278188,6,373272898a
278188,5,037327291Xa
278188,0,373272995a
278188,7,373290861a
278188,0,373441754a
278188,4,373441762a
278188,6,373441851a
278188,0,037344186Xa
278188,0,373451563a
278188,7,373484003a
278188,0,373711263a
278188,0,373711328a
278188,4,373762380a
278188,0,380006456a
278188,0,380699966a
278188,0,380701006a
278188,0,380705257a
278188,0,380772469a
278188,0,380818760a
278188,0,038082082Xa
278188,0,380895862a
278188,0,039308647Xa
278188,0,394801962a
278188,0,394831993a
278188,0,425044602a
278188,0,042510107Xa
278188,0,425115291a
278188,0,425120430a
278188,0,425142078a
278188,0,425144917a
278188,0,425147738a
278188,0,425173755a
278188,0,425174638a
278188,0,425180964a
278188,0,425182142a
278188,0,042518904Xa
278188,4,440122090a
278188,0,440200946a
278188,0,440209285a
278188,8,044022103Xa
278188,9,440223571a
278188,9,440225701a
278188,0,440237300a
278188,0,440426766a
278188,0,440457165a
278188,0,440457610a
278188,0,440995779a
278188,0,441659489a
278188,0,441783317a
278188,0,446327638a
278188,0,446354732a
278188,9,446603589a
278188,0,446608955a
278188,0,446611867a
278188,0,449000613a
278188,0,449002357a
278188,0,449134482a
278188,0,449208672a
278188,0,449704408a
278188,0,451082982a
278188,6,451180348a
278188,0,505524678a
278188,0,515084166a
278188,0,515106402a
278188,0,515110973a
278188,0,051512219Xa
278188,8,515124621a
278188,0,515130648a
278188,0,515134368a
278188,0,517007215a
278188,0,523423241a
278188,0,553115510a
278188,0,553229354a
278188,0,553241141a
278188,0,055324535Xa
278188,0,553252712a
278188,0,553278746a
278188,0,553560700a
278188,0,553569031a
278188,6,553574477a
278188,0,553583298a
278188,0,553583956a
278188,0,590407945a
278188,0,590415867a
278188,7,590424939a
278188,0,590424955a
278188,7,590424971a
278188,0,059042498Xa
278188,0,590425013a
278188,0,059042503Xa
278188,0,590425080a
278188,7,590433474a
278188,0,590433857a
278188,7,590433865a
278188,0,590435108a
278188,7,590436414a
278188,0,590436481a
278188,7,590436597a
278188,0,590437186a
278188,7,590437216a
278188,0,590437224a
278188,0,590437364a
278188,7,590439006a
278188,0,590440829a
278188,7,590448331a
278188,0,590449672a
278188,7,590456490a
278188,0,590477560a
278188,7,590523562a
278188,4,670877514a
278188,0,671523074a
278188,0,067152500Xa
278188,0,671556835a
278188,0,671619683a
278188,0,671639455a
278188,7,671644459a
278188,5,671644475a
278188,0,671664107a
278188,0,067167630Xa
278188,0,671679155a
278188,0,671727583a
278188,0,671728024a
278188,0,671739743a
278188,0,679833749a
278188,6,689800975a
278188,0,696011204a
278188,0,743403452a
278188,6,743410181a
278188,9,778320022a
278188,0,778320049a
278188,8,778320065a
278188,8,778320286a
278188,0,786000325a
278188,0,801968275a
278188,0,802768164a
278188,0,804104999a
278188,0,804107432a
278188,0,804107513a
278188,8,080410946Xa
278188,0,812508572a
278188,0,821711334a
278188,5,821714600a
278188,7,821715402a
278188,0,821717138a
278188,0,821717146a
278188,0,821728555a
278188,0,821750208a
278188,3,821774638a
278188,7,082177574Xa
278188,0,842378057a
278188,0,883013231a
278188,0,089872211Xa
278188,0,913300314a
278188,8,1551660679a
278188,6,1551661586a
278188,0,1551664305a
278188,9,1551664992a
278188,7,1551665220a
278188,7,1551665344a
278188,8,1551666960a
278188,7,1551667487a
278188,0,1551668181a
278188,0,1551668300a
278188,0,1551669293a
278188,4,1557485534a
278188,0,1561446807a
278137,7,60002492a
278137,0,60808128a
278137,0,61013145a
278137,9,61057894a
278137,0,64409945a
278137,9,140067647a
278137,8,140350144a
278137,0,152413642a
278137,8,310239826a
278137,8,312088027a
278137,0,312195516a
278137,0,312951639a
278137,0,330282565a
278137,9,345257596a
278137,0,345273680a
278137,8,345274695a
278137,0,345288823a
278137,8,345331044a
278137,7,345337662a
278137,0,345347951a
278137,0,373032706a
278137,0,373035535a
278137,0,373078102a
278137,8,373079001a
278137,0,373089074a
278137,0,037308918Xa
278137,8,037308935Xa
278137,9,373089376a
278137,8,373115377a
278137,8,373115431a
278137,0,373153260a
278137,0,373194978a
278137,0,373260539a
278137,0,373702787a
278137,0,373708300a
278137,0,373832958a
278137,9,374475067a
278137,9,380429780a
278137,0,380561840a
278137,8,380600129a
278137,6,380708655a
278137,0,380885344a
278137,0,038097570Xa
278137,0,396067425a
278137,0,425036294a
278137,8,425065553a
278137,0,425162400a
278137,9,425189082a
278137,9,425194876a
278137,0,043906628Xa
278137,8,440111188a
278137,0,440200989a
278137,0,044022165Xa
278137,0,440224772a
278137,0,440235596a
278137,0,440840805a
278137,9,440844444a
278137,8,440940001a
278137,0,440949777a
278137,0,440983568a
278137,0,441001815a
278137,9,441094880a
278137,0,446360511a
278137,0,446527793a
278137,7,446606812a
278137,8,449209830a
278137,0,449700712a
278137,6,449702634a
278137,0,451172310a
278137,0,451451155a
278137,8,515094978a
278137,0,525442766a
278137,8,055325698Xa
278137,0,055328553Xa
278137,9,553287532a
278137,0,553562398a
278137,0,590332058a
278137,7,590434160a
278137,0,059048611Xa
278137,0,664326862a
278137,0,664326935a
278137,4,670894508a
278137,0,671003755a
278137,8,671434225a
278137,0,671508369a
278137,9,671525808a
278137,0,671553046a
278137,0,671568175a
278137,0,671612689a
278137,0,671673688a
278137,0,671677128a
278137,0,671701231a
278137,7,671745093a
278137,0,671745107a
278137,0,671786040a
278137,0,671793489a
278137,0,671820648a
278137,0,671867091a
278137,0,671888587a
278137,8,684846675a
278137,8,802400086a
278137,8,804106304a
278137,0,804112126a
278137,8,812533518a
278137,0,812566378a
278137,4,825428688a
278137,9,842339337a
278137,9,842354220a
278137,0,877887780a
278137,2,879050470a
278137,9,088419597Xa
278137,0,886775558a
278137,8,895774011a
278137,9,899669492a
278137,0,935908463a
278137,0,971880107a
278137,9,1556611536a
278137,0,1556616686a
278137,9,1558744150a
278137,8,1558745017a
278137,0,1565999916a
278137,0,1576730360a
278137,10,1576739562a
278137,0,1577311000a
278137,9,1582293031a
278137,0,1892086034a
278137,8,373219350a
278137,8,373219377a
278137,8,373219407a
278137,8,373219415a
278137,8,37321944Xa
278137,8,373219458a
278137,0,671755609a
276925,0,6511929a
276925,10,002542730Xa
276925,0,60520507a
276925,0,60930934a
276925,0,60951303a
276925,7,99414732a
276925,6,140154078a
276925,0,140327592a
276925,0,140367616a
276925,0,141181222a
276925,0,151010633a
276925,0,192834312a
276925,5,194216748a
276925,0,240514866a
276925,0,316666343a
276925,0,345391810a
276925,0,375400699a
276925,8,385504209a
276925,0,043527242Xa
276925,0,439284031a
276925,0,439286182a
276925,0,439286239a
276925,0,449221148a
276925,0,451527747a
276925,0,486282112a
276925,0,486424499a
276925,8,553275283a
276925,9,582530431a
276925,0,590502123a
276925,0,595132189a
276925,0,613329740a
276925,6,063403541Xa
276925,0,067172939Xa
276925,0,671729438a
276925,0,671746502a
276925,0,679721851a
276925,0,679745580a
276925,0,691000980a
276925,0,747545111a
276925,0,749931434a
276925,0,754000117a
276925,0,804106304a
276925,0,812583566a
276925,0,843128240a
276925,0,879517344a
276925,0,971880107a
276925,0,1400001625a
276925,8,1400002672a
276925,0,1853262404a
276925,0,2061007074a
276925,0,2266095536a
276925,0,2290309494a
276925,0,2742739351a
276925,0,3522149904a
276925,0,3775713328a
276925,0,8401009421a
276925,0,8401327199a
276925,0,8401462231a
276925,5,840149236Xa
276925,0,8408011200a
276925,0,8420427462a
276925,5,8420432113a
276925,9,8420444367a
276925,0,8420789895a
276925,9,8422655500a
276925,9,8422657104a
276925,0,842265783Xa
276925,0,8422693445a
276925,0,8423325105a
276925,0,8423662152a
276925,0,8423951537a
276925,0,8423970647a
276925,8,8423976645a
276925,8,8426109799a
276925,0,8427007450a
276925,0,8429712372a
276925,0,8429714936a
276925,0,842975295a
276925,0,8429753419a
276925,0,8432227706a
276925,0,8434830809a
276925,0,8434840391a
276925,0,8440627203a
276925,0,8440696833a
276925,0,8445071572a
276925,0,8447306194a
276925,0,8447312054a
276925,0,8449416078a
276925,0,8472453723a
276925,0,8473068971a
276925,4,8474104823a
276925,0,8474263123a
276925,0,8475071163a
276925,0,8475961290a
276925,0,8476722338a
276925,0,8478809783a
276925,0,8482180088a
276925,0,8483221306a
276925,0,8489163499a
276925,0,8495501090a
276925,0,8495501198a
276925,0,8496077152a
276925,0,8496077209a
276925,0,8496246140a
276925,0,8497931467a
276925,10,950491036Xa
276925,0,9508521481a
276925,0,9871138016a
277195,0,20847459a
277195,0,60196076a
277195,10,60391626a
277195,0,60502258a
277195,0,60908548a
277195,0,60911271a
277195,0,60914548a
277195,0,60960930a
277195,0,60987561a
277195,0,62500279a
277195,0,62500295a
277195,0,006251170Xa
277195,0,015644450Xa
277195,0,156799804a
277195,0,031214816Xa
277195,0,312204809a
277195,0,031284879Xa
277195,0,316666343a
277195,0,316734837a
277195,10,330332775a
277195,0,345353404a
277195,0,345384202a
277195,0,345413881a
277195,0,345459407a
277195,0,375406328a
277195,0,375724672a
277195,0,037582233Xa
277195,0,385149514a
277195,0,385423446a
277195,0,385475721a
277195,0,385483503a
277195,0,385729332a
277195,0,394569652a
277195,0,394726413a
277195,0,394757572a
277195,0,399142789a
277195,0,042511774Xa
277195,9,440174953a
277195,0,440214424a
277195,0,440236673a
277195,0,446604801a
277195,0,446605484a
277195,0,446606189a
277195,0,446606383a
277195,0,446609323a
277195,0,449134482a
277195,0,449223345a
277195,0,451195825a
277195,0,051730984Xa
277195,0,553251996a
277195,10,055326611Xa
277195,0,553268880a
277195,0,553273604a
277195,10,553347756a
277195,10,553379615a
277195,0,553572997a
277195,0,618093974a
277195,10,670869902a
277195,0,671010115a
277195,10,671021001a
277195,0,671256181a
277195,0,671510053a
277195,10,671647458a
277195,0,679435506a
277195,0,679455876a
277195,0,679459618a
277195,0,679723285a
277195,0,679741666a
277195,0,679745203a
277195,0,679746048a
277195,0,684804018a
277195,0,684807548a
277195,0,684841347a
277195,0,684859769a
277195,0,723216428a
277195,0,743458036a
277195,0,786862297a
277195,0,802115160a
277195,0,804107149a
277195,0,080410946Xa
277195,0,811801802a
277195,0,811826880a
277195,0,831771690a
277195,0,852072864a
277195,0,871313073a
277195,0,088011861Xa
277195,0,916318405a
277195,0,939149311a
277195,0,1401300448a
277195,0,1558743669a
277195,0,1571740562a
277195,0,1573220779a
277195,10,1573221856a
277195,0,1577311507a
277195,0,158243011Xa
277195,0,1882897579a
277195,0,468109753a
277195,0,684144433a
277195,0,911824529a
278144,0,60148934a
278144,0,60176075a
278144,0,60191872a
278144,0,60195703a
278144,0,60928336a
278144,0,60930535a
278144,0,61093572a
278144,0,006440174Xa
278144,0,310205719a
278144,0,310252172a
278144,0,316693235a
278144,0,345374568a
278144,0,345417623a
278144,0,373023359a
278144,0,373217307a
278144,0,373243286a
278144,0,380798565a
278144,0,380798581a
278144,0,380817152a
278144,0,385489129a
278144,0,385490445a
278144,0,399139087a
278144,0,039914465Xa
278144,0,399146253a
278144,0,399146725a
278144,0,399147365a
278144,0,039914739Xa
278144,0,399149759a
278144,0,399150803a
278144,0,399150897a
278144,0,399151443a
278144,0,425097722a
278144,0,425147584a
278144,0,425179265a
278144,0,044022103Xa
278144,0,440234743a
278144,0,446360317a
278144,0,446517984a
278144,0,446523321a
278144,0,446525774a
278144,0,446525804a
278144,0,446530891a
278144,0,446605239a
278144,0,446613266a
278144,0,446672211a
278144,0,486299422a
278144,0,051511779Xa
278144,0,517577550a
278144,0,553052152a
278144,0,553106333a
278144,0,553378767a
278144,0,553580906a
278144,0,553801929a
278144,0,670869902a
278144,0,067087907Xa
278144,0,670894184a
278144,0,670896764a
278144,0,671015206a
278144,0,671023209a
278144,0,671025333a
278144,0,671040588a
278144,0,679404864a
278144,0,679450424a
278144,0,679450432a
278144,0,679450440a
278144,0,679459596a
278144,0,679459618a
278144,0,068484477Xa
278144,0,688046606a
278144,0,743206045a
278144,0,765341174a
278144,0,076534128Xa
278144,0,767913795a
278144,0,786861541a
278144,0,804107602a
278144,0,842332367a
278144,0,087131763Xa
278144,0,966784820a
278144,0,140003180Xa
278144,0,1551666839a
278144,0,1573220280a
278144,0,1573229075a
278144,0,1881334406a
276929,0,60964049a
276929,0,380807343a
276929,0,439064864a
276929,0,2.02.032126.2a
276929,0,2.264.03602.8a
276929,0,2020058863a
276929,0,2020062399a
276929,10,2020101653a
276929,5,202011528Xa
276929,8,20202006935a
276929,8,20203119888a
276929,0,2020386666a
276929,6,2020564777a
276929,0,2020591944a
276929,0,2070365832a
276929,0,2070378411a
276929,5,2070386023a
276929,5,2070394956a
276929,10,2070404587a
276929,8,2070404706a
276929,0,2070404722a
276929,0,2070406962a
276929,0,2070408450a
276929,0,2070425770a
276929,0,2070725804a
276929,0,2080680692a
276929,0,2226070109a
276929,0,2226126570a
276929,0,2226135022a
276929,8,2253030570a
276929,0,2253049417a
276929,0,2253050407a
276929,0,2253055972a
276929,0,225307659Xa
276929,8,2253171670a
276929,8,2253172367a
276929,5,2264010991a
276929,0,2264013257a
276929,3,2264018194a
276929,5,2264024674a
276929,3,226402593Xa
276929,5,2264027568a
276929,0,2264029463a
276929,5,226403114a
276929,6,2264031158a
276929,0,2264033282a
276929,0,226403601Xa
276929,10,2264036036a
276929,0,2266040820a
276929,7,2266047280a
276929,8,226604960a
276929,6,22660861003a
276929,0,2266096451a
276929,0,2266102028a
276929,10,2266102621a
276929,2,2266104535a
276929,8,2266105698a
276929,0,2266121367a
276929,0,2277302228a
276929,0,2290303488a
276929,0,2290308285a
276929,0,2290312924a
276929,0,2290315524a
276929,0,2290321559a
276929,8,2702424131a
276929,5,2742724028a
276929,6,2742724613a
276929,0,2742729038a
276929,5,2743602295a
276929,0,2841469824a
276929,3,2842611462a
276929,0,2868696627a
276929,7,2869304129a
276929,5,2869304560a
276929,0,2869304870a
276929,6,2869305583a
276929,0,2895400644a
276929,0,2907572121a
276929,0,290757213Xa
278026,7,60008350a
278026,9,60572965a
278026,8,61009059a
278026,8,61020028a
278026,8,61031410a
278026,0,61059900a
278026,8,61094129a
278026,8,312983433a
278026,8,345440064a
278026,0,345447867a
278026,7,345545571a
278026,5,380731851a
278026,8,380820889a
278026,0,385333676a
278026,9,038533558Xa
278026,0,385336667a
278026,8,399142649a
278026,0,399147364a
278026,0,425153975a
278026,8,440221048a
278026,8,446527041a
278026,0,446527912a
278026,5,446531588a
278026,7,446610607a
278026,0,446611379a
278026,8,446612510a
278026,8,449006522a
278026,6,449219364a
278026,5,449221512a
278026,3,449227545a
278026,8,451179153a
278026,6,451179897a
278026,8,451188950a
278026,7,451202473a
278026,8,451204301a
278026,8,451206525a
278026,8,515125490a
278026,5,515129038a
278026,8,515130389a
278026,8,515135968a
278026,0,553581929a
278026,6,553582364a
278026,8,671001795a
278026,0,671013939a
278026,9,671658301a
278026,9,671891537a
278026,8,684810387a
278026,7,068815333Xa
278026,7,743206045a
278026,5,743417836a
278026,0,786866195a
278026,5,786889667a
278026,0,786889845a
278026,7,805060251a
278026,9,812528042a
278026,0,812575911a
278026,0,1551664976a
278026,7,1551667517a
278026,0,1551669609a
278026,6,1551669625a
278026,7,7099300799a
278026,2,7100100699a
278026,8,7100100750a
278026,8,7678300699a
278026,10,780447000000a
277157,0,60002484a
277157,0,60094117a
277157,0,312253397a
277157,7,312331754a
277157,0,312874243a
277157,5,312979517a
277157,0,316152196a
277157,5,316154059a
277157,0,316287555a
277157,0,034541389Xa
277157,6,345450175a
277157,7,345452550a
277157,5,375727981a
277157,0,380731851a
277157,0,380975017a
277157,4,385305389a
277157,0,393045390a
277157,5,394543289a
277157,7,399135804a
277157,0,399138188a
277157,8,399141340a
277157,6,399146466a
277157,7,399146504a
277157,7,399146687a
277157,7,399147101a
277157,0,399147144a
277157,0,399147322a
277157,5,399147624a
277157,6,399148337a
277157,0,399148450a
277157,6,399148639a
277157,8,399148728a
277157,0,399149783a
277157,5,399150811a
277157,0,399150870a
277157,7,399151451a
277157,0,399151478a
277157,7,039915177Xa
277157,0,399151885a
277157,5,425183181a
277157,0,440111323a
277157,0,440122147a
277157,0,440221463a
277157,0,441005470a
277157,0,446519480a
277157,0,449221512a
277157,0,055358295Xa
277157,0,670894184a
277157,7,671024094a
277157,6,679450408a
277157,6,684801663a
277157,5,684846608a
277157,0,684871726a
277157,0,743201604a
277157,7,074320607Xa
277157,6,743407377a
277157,7,743486226a
277157,6,804109990a
277157,5,812571118a
277157,0,971880107a
277378,0,6485294a
277378,0,60164662a
277378,0,134342283a
277378,0,138030405a
277378,0,013838939Xa
277378,0,140003185a
277378,0,140008217a
277378,0,140017852a
277378,6,140058605a
277378,0,140089128a
277378,0,140096825a
277378,0,140253874a
277378,0,140302980a
277378,0,141002492a
277378,0,141302933a
277378,8,192827588a
277378,7,312195516a
277378,0,345315642a
277378,0,380490986a
277378,0,380731851a
277378,0,385474016a
277378,0,425176673a
277378,0,435270613a
277378,0,446322180a
277378,4,446608955a
277378,0,451137965a
277378,0,553213296a
277378,0,553262807a
277378,0,553279378a
277378,0,553371835a
277378,0,586056572a
277378,7,670892963a
277378,0,670894494a
277378,0,671028375a
277378,6,671646575a
277378,0,671683993a
277378,0,679741879a
277378,0,684872153a
277378,0,684872730a
277378,0,689817851a
277378,0,712624090a
277378,0,713911131a
277378,0,749305401a
277378,0,767906373a
277378,0,770418686a
277378,0,770420451a
277378,0,770502466a
277378,0,786881348a
277378,0,804103658a
277378,0,804109729a
277378,5,804114986a
277378,4,812507452a
277378,5,812515560a
277378,4,812515595a
277378,0,812590554a
277378,0,938261088a
277378,0,941483711a
277378,0,971880107a
277378,0,1550137387a
277378,0,1550170791a
277203,8,030700645Xa
277203,8,307127923a
277203,8,307302016a
277203,8,307302636a
277203,8,307987655a
277203,8,316563242a
277203,0,380600129a
277203,0,380702843a
277203,0,380710404a
277203,9,039480001Xa
277203,9,394800028a
277203,9,394800184a
277203,8,039480029Xa
277203,8,039480967Xa
277203,8,394925696a
277203,8,439083702a
277203,8,439213592a
277203,6,439242363a
277203,9,439449316a
277203,8,590386522a
277203,9,590402218a
277203,8,590404342a
277203,9,590442619a
277203,9,590442791a
277203,9,590442805a
277203,9,590442899a
277203,9,059044297Xa
277203,8,059046602Xa
277203,7,590466577a
277203,0,059053744Xa
277203,10,590629719a
277203,9,590921622a
277203,8,590965492a
277203,7,689845405a
277203,8,689847564a
277203,8,717283194a
277203,8,717283208a
277203,8,717283275a
277203,8,717283364a
277203,8,717283372a
277203,8,717284832a
277203,8,717284972a
277203,8,717287017a
277203,8,717287106a
277203,7,721452728a
277203,8,736401113a
277203,8,761406158a
277203,7,769600239a
277203,7,785316477a
277203,7,785316493a
277203,7,785316531a
277203,10,087701759Xa
277203,0,882712926a
277203,7,895777010a
277203,9,1561452718a
277203,9,1562826468a
277203,9,2764104936a
277928,0,60173289a
277928,0,60973323a
277928,0,140088946a
277928,0,312283709a
277928,9,374266441a
277928,8,374524653a
277928,0,375400117a
277928,8,375410287a
277928,4,380978210a
277928,8,385301499a
277928,0,385319401a
277928,0,385323638a
277928,0,385421982a
277928,0,038542471Xa
277928,0,385475713a
277928,7,394572068a
277928,0,395957737a
277928,0,446532231a
277928,0,446670251a
277928,10,449908186a
277928,0,553052446a
277928,7,553057014a
277928,0,553091999a
277928,0,670823198a
277928,10,670843105a
277928,0,670880728a
277928,0,670892963a
277928,0,679400540a
277928,0,679429220a
277928,0,679457313a
277928,0,679731148a
277928,0,679736042a
277928,10,679751602a
277928,8,679764925a
277928,10,679770151a
277928,0,684195984a
277928,0,684810476a
277928,0,688128734a
277928,0,074751254Xa
277928,0,076791404xa
277928,9,767915062a
277928,0,080211508xa
277928,9,804105820a
277928,0,805000585a
277928,0,811808424a
277928,10,812928318a
277928,6,892963883a
277928,0,892964650a
277928,7,937247065a
277928,7,937247502a
277928,0,945575750a
277928,10,1573220310a
277965,0,20198906a
277965,0,60173289a
277965,8,62701649a
277965,7,312312873a
277965,0,316666343a
277965,5,316789089a
277965,0,345353145a
277965,0,345354613a
277965,0,345378482a
277965,0,345378490a
277965,0,345380371a
277965,0,345391055a
277965,0,345402871a
277965,0,034540288Xa
277965,0,345417623a
277965,10,374190666a
277965,0,038097584Xa
277965,10,385484518a
277965,8,395900239a
277965,8,399141464a
277965,7,399145087a
277965,0,425174808a
277965,0,425176932a
277965,0,425182673a
277965,0,425190919a
277965,0,440164842a
277965,9,446392251a
277965,8,446526126a
277965,8,044840124Xa
277965,9,486285537a
277965,8,517705869a
277965,6,525462325a
277965,10,671240862a
277965,0,679433740a
277965,0,679445048a
277965,9,679457526a
277965,9,679781587a
277965,8,684808943a
277965,10,684874350a
277965,9,688151981a
277965,0,688170412a
277965,9,743204735a
277965,10,761107363a
277965,10,785263950a
277965,9,786866845a
277965,6,786867434a
277965,7,786881852a
277965,10,895261901a
277965,8,937921556a
277965,8,096665370Xa
277965,0,1573221112a
277965,5,1888387408a
276847,0,446364193a
276847,5,3257200552a
276847,0,3379015180a
276847,8,3404145909a
276847,8,3404148576a
276847,7,3404921178a
276847,10,3423071516a
276847,0,3423204885a
276847,0,3423205806a
276847,8,3426029553a
276847,0,3426622610a
276847,8,3426671298a
276847,9,344215121Xa
276847,10,3442413508a
276847,9,3442422035a
276847,8,3442435773a
276847,7,3442437717a
276847,10,3442441080a
276847,0,3442442796a
276847,8,3442444020a
276847,10,3442446414a
276847,7,3442448530a
276847,9,3442449820a
276847,6,3453137442a
276847,0,3453870190a
276847,0,3455077331a
276847,7,347354034Xa
276847,9,3492231322a
276847,0,349912176Xa
276847,7,3499222213a
276847,6,3499228297a
276847,0,3499232529a
276847,0,3499233436a
276847,0,3499264528a
276847,8,3499433443a
276847,10,3506464078a
276847,0,3548602967a
276847,10,3551551677a
276847,10,3551551685a
276847,10,3551551693a
276847,10,3551551936a
276847,9,359621078Xa
276847,7,3608932240a
276847,10,360893541Xa
276847,10,3608935428a
276847,10,3608935436a
276847,0,374661922Xa
276847,0,3770131495a
276847,8,3809024589a
276847,10,3821815191a
276847,5,3932069234a
278356,3,25173251a
278356,9,28620585a
278356,8,28629299a
278356,9,60111011a
278356,9,60163704a
278356,5,60551895a
278356,9,006091646Xa
278356,9,62502123a
278356,8,140167153a
278356,0,140298533a
278356,0,141310944a
278356,0,156612062a
278356,0,192828630a
278356,7,312265859a
278356,8,312965338a
278356,9,374270325a
278356,10,375504044a
278356,3,385266359a
278356,0,394580567a
278356,8,439064872a
278356,10,439136369a
278356,10,439139600a
278356,10,043935806Xa
278356,10,440057574a
278356,6,446378445a
278356,8,446517097a
278356,9,446977551a
278356,8,517060205a
278356,0,525246606a
278356,0,059035342Xa
278356,8,671016768a
278356,0,067165764Xa
278356,9,688041140a
278356,7,688111289a
278356,7,761522212a
278356,8,762721979a
278356,9,786868414a
278356,7,802100155a
278356,8,814450598a
278356,10,842304673a
278356,0,874843936a
278356,10,087795979Xa
278356,9,884270610a
278356,7,1567310028a
278356,9,1853263214a
278221,0,60930535a
278221,10,316031038a
278221,10,316031046a
278221,10,316031054a
278221,10,316779032a
278221,10,316779075a
278221,0,375411550a
278221,0,425147363a
278221,7,440216745a
278221,0,446612790a
278221,7,446613436a
278221,0,515132020a
278221,9,553582755a
278221,0,553584510a
278221,8,671027123a
278221,10,671027441a
278221,0,671039385a
278221,7,722535562a
278221,7,074341702Xa
278221,8,743460529a
278221,0,770429378a
278221,0,785275479a
278221,0,078601525Xa
278221,0,786889209a
278221,9,804106304a
278221,8,840776381a
278221,0,084990630Xa
278221,9,871236447a
278221,10,871237954a
278221,9,874776929a
278221,0,962670472a
278221,0,1552783081a
278221,9,1556611188a
278221,9,1556611536a
278221,10,1556612257a
278221,9,155661246Xa
278221,7,1576738469a
278221,0,157856137Xa
278221,0,1578561388a
278221,0,1582341338a
278221,10,1589196635a
278221,8,1840386762a
278221,10,1889613010a
276875,7,273755a
276875,8,14366020444a
276875,0,688172377a
276875,0,8481305464a
276875,8,8496075850a
276875,0,8804321008a
276875,0,8804375299a
276875,6,8804407808a
276875,7,8804464895a
276875,0,8804510579a
276875,0,8804512652a
276875,0,8806144146a
276875,0,8806155873a
276875,0,8807700735a
276875,0,8807806746a
276875,7,8807810751a
276875,6,880781112Xa
276875,0,8807812495a
276875,0,8807813157a
276875,0,8807816059a
276875,6,8817106100a
276875,8,8817112917a
276875,0,8817877028a
276875,0,8820024381a
276875,0,883041915Xa
276875,0,8831760122a
276875,4,8833908488a
276875,8,8838910987a
276875,0,8842806978a
276875,0,8845219747a
276875,0,8845249689a
276875,8,8846200624a
276875,8,88741800047a
276875,7,8876846565a
276875,2,8877825200a
276875,6,8879285513a
276875,6,8879285645a
276875,0,8879832905a
276875,0,8881110288a
276875,0,888634712Xa
276875,8,8887432252a
276875,8,8888424121a
277187,0,60390174a
277187,0,60976683a
277187,0,61043567a
277187,0,006250794Xa
277187,0,312977263a
277187,0,375708413a
277187,0,038081093Xa
277187,0,038528859Xa
277187,0,399141650a
277187,0,425144690a
277187,0,425147762a
277187,0,440224705a
277187,0,446310735a
277187,0,452269865a
277187,0,515115649a
277187,0,515129941a
277187,0,553249657a
277187,0,553281089a
277187,0,671042858a
277187,0,671782908a
277187,0,679425233a
277187,0,679433090a
277187,9,679745203a
277187,0,679767851a
277187,0,743223543a
277187,0,786701420a
277187,0,804106126a
277187,0,080505622Xa
277187,0,887307302a
277187,0,1564141330a
277187,0,1578630037a
277187,0,1880323818a
277187,0,1929590059a
277187,0,345251547a
277187,0,449003800a
277187,0,44901766125a
277187,0,671781383a
